core-jieli-a073	1555008	20251202150025_MOY-A073-0.0.1-5410A021-20251201-UI-JLQFNLVD1.0-DSP-JL_EQ_A07_V1.0.1-ENCRYPTED.fw
core-jieli-a073	1555200	20251202150510_MOY-A073-0.0.1-BIN-5410A021-ENCRYPTED.ufw
core-jieli-a073	1559104	20251211165704_MOY-A073-0.0.1-8C33044D-20251210-UI-JLQFNLVD1.0-DSP-JL_EQ_A07_V1.0.2-ENCRYPTED.fw
core-jieli-a073	1559296	20251203093833_MOY-A073-0.0.1-BIN-14A7254D-ENCRYPTED.ufw
core-jieli-a073	1559296	20251216101142_MOY-A073-0.0.1-BIN-8C33044D-ENCRYPTED%20%282%29.ufw
core-jieli-a073	1670304	20260317095949_MOY-A073-0.0.2-BIN-AB5F0C3B-ENCRYPTED.ufw
core-jieli-a073	1691264	20260331103639_MOY-A073-0.0.2-BIN-126BEF6B-ENCRYPTED.ufw
core-jieli-a073	1691424	20260410212748_MOY-A073-0.0.5-BIN-68384413-ENCRYPTED.ufw
core-jieli-a073	1691456	20260401151223_MOY-A073-0.0.2-BIN-004308D5-ENCRYPTED%20%281%29.ufw
core-jieli-a073	1691520	20260401181934_MOY-A073-0.0.3-BIN-A3244535-ENCRYPTED.ufw
core-jieli-a073	1691520	20260409194426_MOY-A073-0.0.3-BIN-A3244535-ENCRYPTED%20%281%29.ufw
core-jieli-a073	1691520	20260416165402_MOY-A073-0.0.3-BIN-A3244535-ENCRYPTED%20%283%29.ufw
core-jieli-a073	1691520	20260421142637_MOY-A073-0.0.3-BIN-A3244535-ENCRYPTED%20%286%29.ufw
core-jieli-a073	1691936	20260414144950_MOY-A073-0.0.5-BIN-ABCF5975-ENCRYPTED%20%281%29.ufw
core-jieli-a073	1691968	20260416134728_MOY-A073-0.0.5-BIN-C8B4BEC8-ENCRYPTED.ufw
core-jieli-a073	1691968	20260416143836_MOY-A073-0.0.5-BIN-B8704DD9-ENCRYPTED.ufw
core-jieli-a073	1691968	20260416200419_MOY-A073-0.0.5-BIN-55D670F5-ENCRYPTED.ufw
core-jieli-a073	1691968	20260417134931_MOY-A073-0.0.5-BIN-30C91AB5-ENCRYPTED%20%281%29.ufw
core-jieli-a073	1691968	20260420103840_MOY-A073-0.0.6-BIN-31C211B1-ENCRYPTED.ufw
core-jieli-a073	1691968	20260420172309_MOY-A073-0.0.6-BIN-46FF2957-ENCRYPTED%20%283%29.ufw
core-jieli-a073	1691968	20260420203959_MOY-A073-0.0.6-BIN-EAEF9E31-ENCRYPTED%20%283%29.ufw
core-jieli-a073	1691968	20260422095101_MOY-A073-0.0.6-BIN-EAEF9E31-ENCRYPTED%20%284%29.ufw
core-jieli-a073	1691968	20260423105714_MOY-A073-0.0.6-BIN-EAEF9E31-ENCRYPTED%20%285%29.ufw
core-jieli-a073	1691968	20260529144713_MOY-A073-0.0.6-BIN-EAEF9E31-ENCRYPTED.ufw
core-jieli-a073	1696128	20260509103536_MOY-A073-0.0.7-BIN-3BA599AB-ENCRYPTED.ufw
core-jieli-a073	1696128	20260509133654_MOY-A073-0.0.7-BIN-DB9EAD80-ENCRYPTED.ufw
core-jieli-a073	1696128	20260509163209_MOY-A073-0.0.7-BIN-C0CD42A8-ENCRYPTED%20%281%29.ufw
core-jieli-a073	1696128	20260519182752_MOY-A073-0.0.7-BIN-C0CD42A8-ENCRYPTED.ufw
core-jieli-a073	1702560	20260527101729_MOY-A073-0.0.8-BIN-635B71D3-ENCRYPTED.ufw
core-jieli-a073	1702560	20260527115422_MOY-A073-0.0.8-BIN-006B3E00-ENCRYPTED.ufw
core-jieli-a073	1702560	20260529161018_MOY-A073-0.0.9-BIN-58233E57-ENCRYPTED.ufw
core-jieli-a073	1702560	20260529194224_MOY-A073-0.0.8-BIN-C363B807-ENCRYPTED%20%281%29.ufw
core-jieli-a073	1702560	20260601114555_MOY-A073-0.0.8-BIN-C363B807-ENCRYPTED%20%282%29.ufw
core-jieli-a073	1702560	20260601123210_MOY-A073-0.0.8-BIN-C363B807-ENCRYPTED.ufw
core-jieli-a073	1703232	20260714184636_MOY-A073-0.1.0-BIN-DAD63A87-ENCRYPTED.ufw
core-jieli-a073	1726016	20260130151951_MOY-A073-0.0.2-BIN-0FBAFFDC-ENCRYPTED.ufw
core-jieli-a073	1761216	20260724152156_MOY-A073-0.1.2-BIN-958D9F8F-ENCRYPTED%20%281%29.ufw
core-jieli-a073	1761216	20260728115407_MOY-A073-0.1.2-BIN-00D9B750-ENCRYPTED.ufw
core-jieli-a073	1761248	20260729101228_MOY-A073-0.1.2-BIN-DB871633-ENCRYPTED.ufw
vision-v821/aiglass-ab	7454720	20260303095648_openwrt_v821_aiglass-ab.swu
vision-v821/aiglass-ab	10993152	20260716114408_openwrt_v821_aiglass-ab.swu
vision-v821/aiglass-ab	12362752	20260331103738_openwrt_v821_aiglass-ab.swu
vision-v821/aiglass-ab	12375040	20260203155551_openwrt_v821_aiglass-ab.swu
vision-v821/aiglass-ab	12493824	20260522160416_openwrt_v821_aiglass-ab.swu
vision-v821/aiglass-ab	12499968	20260523142432_openwrt_v821_aiglass-ab.swu
vision-v821/aiglass-ab	12500480	20260331102923_openwrt_v821_aiglass-ab.swu
vision-v821/aiglass-ab	12502016	20260421173210_openwrt_v821_aiglass-ab.swu
vision-v821/aiglass-ab	12502528	20260526105650_openwrt_v821_aiglass-ab.swu
vision-v821/aiglass-ab	12503552	20260527193007_openwrt_v821_aiglass-ab.swu
vision-v821/aiglass-ab	12506112	20260506173138_openwrt_v821_aiglass-ab.swu
vision-v821/aiglass-ab	12507648	20260506152222_openwrt_v821_aiglass-ab.swu
vision-v821/aiglass-ab	12508672	20260527102032_openwrt_v821_aiglass-ab.swu
vision-v821/aiglass-ab	12510208	20260522093024_openwrt_v821_aiglass-ab.swu
vision-v821/aiglass-ab	12510720	20260526164049_openwrt_v821_aiglass-ab.swu
vision-v821/aiglass-ab	12514304	20260729144724_openwrt_v821_aiglass-ab.swu
vision-v821/aiglass-ab	12514816	20260727182013_openwrt_v821_aiglass-ab.swu
vision-v821/aiglass-ab	12515328	20260624214225_openwrt_v821_aiglass-ab.swu
vision-v821/aiglass-ab	12515840	20260629210058_openwrt_v821_aiglass-ab.swu
vision-v821/aiglass-ab	12516864	20260720120418_openwrt_v821_aiglass-ab.swu
vision-v821/aiglass-ab	12517888	20260708172951_openwrt_v821_aiglass-ab.swu
vision-v821/aiglass-ab	12518912	20260703173735_openwrt_v821_aiglass-ab.swu
vision-v821/aiglass-ab	12519424	20260604203926_openwrt_v821_aiglass-ab.swu
vision-v821/aiglass-ab	12520960	20260715101101_openwrt_v821_aiglass-ab.swu
vision-v821/aiglass-ab	12631040	20260610104427_openwrt_v821_aiglass-ab.swu
vision-v821/aiglass-ab	12633600	20260331171209_openwrt_v821_aiglass-ab.swu
vision-v821/aiglass-ab	12634624	20260317102636_openwrt_v821_aiglass-ab.swu
vision-v821/aiglass-ab	12640768	20260525161658_openwrt_v821_aiglass-ab.swu
vision-v821/aiglass-ab	12649472	20260605114817_openwrt_v821_aiglass-ab.swu
vision-v821/aiglass-ab	12651520	20260523100945_openwrt_v821_aiglass-ab.swu
vision-v821/aiglass-ab	12655616	20260706162612_openwrt_v821_aiglass-ab.swu
vision-v821/aiglass-ab	12914176	20260506155551_openwrt_v821_aiglass-ab.swu
vision-v821/aiglass-ab	13018112	20260525193750_openwrt_v821_aiglass-ab.swu
vision-v821/aiglass-ab	13039104	20260714103302_openwrt_v821_aiglass-ab.swu
vision-v821/aiglass-ai	0	20251219094623_openwrt_v821_aiglass-ai.swu
vision-v821/aiglass-ai	19435520	20260105115613_openwrt_v821_aiglass-ai.swu
vision-v821/aiglass-ai	19466752	20260312150803_openwrt_v821_aiglass-ai.swu
vision-v821/aiglass-ai	19508224	20260526140209_openwrt_v821_aiglass-ai.swu
vision-v821/aiglass-ai	24798208	20251205165313_openwrt_v821_aiglass-ai.swu
vision-v821/aiglass-ai	24817664	20260506202516_openwrt_v821_aiglass-ai.swu
vision-v821/aiglass-ai	24848384	20260206195553_openwrt_v821_aiglass-ai.swu
vision-v821/aiglass-ai	24860672	20260509173354_openwrt_v821_aiglass-ai.swu
vision-v821/aiglass-ai	24870912	20251225171904_openwrt_v821_aiglass-ai.swu
vision-v821/aiglass-ai	24877056	20260203193937_openwrt_v821_aiglass-ai.swu
vision-v821/aiglass-ai	24948736	20260403201643_openwrt_v821_aiglass-ai.swu
vision-v821/aiglass-ai	24961024	20260605150607_openwrt_v821_aiglass-ai.swu
vision-v821/aiglass-ai	24979968	20260402205157_openwrt_v821_aiglass-ai.swu
vision-v821/aiglass-ai	24992256	20260704112325_openwrt_v821_aiglass-ai.swu
vision-v821/aiglass-ai	24996864	20260427195936_openwrt_v821_aiglass-ai.swu
vision-v821/aiglass-ai	24999424	20260421115202_openwrt_v821_aiglass-ai.swu
vision-v821/aiglass-ai	25004544	20260506195257_openwrt_v821_aiglass-ai.swu
vision-v821/aiglass-ai	25012736	20260522134220_openwrt_v821_aiglass-ai.swu
vision-v821/aiglass-ai	25021440	20260709172419_openwrt_v821_aiglass-ai.swu
vision-v821/aiglass-ai	25025536	20260721182507_openwrt_v821_aiglass-ai.swu
vision-v821/aiglass-ai	25130496	20260224114557_openwrt_v821_aiglass-ai.swu
vision-v821/aiglass-ai	25142784	20260122103317_openwrt_v821_aiglass-ai.swu
vision-v821/aiglass-ai	25254400	20260603180432_openwrt_v821_aiglass-ai.swu
vision-v821/aiglass-ai	25303040	20260702201042_openwrt_v821_aiglass-ai.swu
vision-v821/aiglass-ai	26028544	20260603143344_openwrt_v821_aiglass-ai.swu
vision-v821/aiglass-ai	26140672	20260122174551_openwrt_v821_aiglass-ai.swu
vision-v821/aiglass-imx681-ab	12525056	20260311161942_openwrt_v821_aiglass_imx681-ab.swu
vision-v821/aiglass-imx681-ab	12525568	20260624181000_openwrt_v821_aiglass_imx681-ab.swu
vision-v821/aiglass-imx681-ab	12526080	20260723104821_openwrt_v821_aiglass_imx681-ab.swu
vision-v821/aiglass-imx681-ab	12642304	20260729171342_openwrt_v821_aiglass_imx681-ab.swu
vision-v821/aiglass-imx681-ab	12650496	20260522183154_openwrt_v821_aiglass_imx681-ab.swu
vision-v821/aiglass-imx681-ab	12654592	20260604104412_openwrt_v821_aiglass_imx681-ab.swu
vision-v821/aiglass-imx681-ai	24868864	20251226154557_openwrt_v821_aiglass_imx681-ai.swu
vision-v821/aiglass-imx681-ai	24881152	20260303185021_openwrt_v821_aiglass_imx681-ai.swu
vision-v821/aiglass-imx681-ai	25042944	20260312134609_openwrt_v821_aiglass_imx681-ai.swu
