subdir,filename,size,md5,sha256,internal_version
core-jieli-a073,20251202150025_MOY-A073-0.0.1-5410A021-20251201-UI-JLQFNLVD1.0-DSP-JL_EQ_A07_V1.0.1-ENCRYPTED.fw,1555008,06e9d1517ea4b5bd651438fe16dcb448,fa679eafa3a290aac929533a0139c454d05ad74512208dba2bc052f1f17e89a2,
core-jieli-a073,20251202150510_MOY-A073-0.0.1-BIN-5410A021-ENCRYPTED.ufw,1555200,b4cc8308b8d6c65ea132a8c6ca0bc9e3,8a8a0765729d1e10447117b096ef04d6af2ad9d0fd8b16db2fbb4fe8b33f890b,
core-jieli-a073,20251203093833_MOY-A073-0.0.1-BIN-14A7254D-ENCRYPTED.ufw,1559296,cd0e38f26b91380573a8f2c524d8e23d,cbd0324d9b3163b18be678be7be15ff50f38262c1bf85fd1fe7219a5eacd28f3,
core-jieli-a073,20251211165704_MOY-A073-0.0.1-8C33044D-20251210-UI-JLQFNLVD1.0-DSP-JL_EQ_A07_V1.0.2-ENCRYPTED.fw,1559104,635fb8892ff4ea8b46d23d77b40e2644,80f0d598b63fff90d27b90b3e66bd57ca2b980beb33776c2e716ae03c6167956,
core-jieli-a073,20251216101142_MOY-A073-0.0.1-BIN-8C33044D-ENCRYPTED_(2).ufw,1559296,ae1ce8d39375d9ac38dc95d5ddd1cc8f,d187ca89891d9c74037fd676e03d25e211f23351e3b82106ac877e63e1df50a6,
core-jieli-a073,20260130151951_MOY-A073-0.0.2-BIN-0FBAFFDC-ENCRYPTED.ufw,1726016,cf919b84b3aef91f598f4f4b76477dac,f068b520a30465d339a815626e41eba3ad05b0350177c370332603a4ea45b53c,
core-jieli-a073,20260317095949_MOY-A073-0.0.2-BIN-AB5F0C3B-ENCRYPTED.ufw,1670304,1a2b8245efbf8b9f6361421908a4e2ad,f1a7a89cc0d649aa2c05863723fc52a7f55d0d286ce0340ce7ca1512f9c64bc0,
core-jieli-a073,20260331103639_MOY-A073-0.0.2-BIN-126BEF6B-ENCRYPTED.ufw,1691264,7de14a5506e1a03d3abf8fd6423b523b,2f8dc4ba929b145207a419b9e377565ba3b6562ad01b7705e5929938fbac7bc0,
core-jieli-a073,20260401151223_MOY-A073-0.0.2-BIN-004308D5-ENCRYPTED_(1).ufw,1691456,b4d3078136c2b0aa11f0631ae2833b0e,0a90830074eb63919fa4210b793f5f9bb312083b836ab02878935be321c27d91,
core-jieli-a073,20260401181934_MOY-A073-0.0.3-BIN-A3244535-ENCRYPTED.ufw,1691520,dfa6a3b8fc872becf09a746c5bf99f66,f3d80aa68897bed6e6526400e46cfc31beea0cb6458efa4b9de3be5376a8298d,
core-jieli-a073,20260409194426_MOY-A073-0.0.3-BIN-A3244535-ENCRYPTED_(1).ufw,1691520,dfa6a3b8fc872becf09a746c5bf99f66,f3d80aa68897bed6e6526400e46cfc31beea0cb6458efa4b9de3be5376a8298d,
core-jieli-a073,20260410212748_MOY-A073-0.0.5-BIN-68384413-ENCRYPTED.ufw,1691424,e6503e02b306b2a81ef03f0b1278af6f,d727e6b0d1c682db33e52f520506707d34f13f99717436da390dcb01ad6b116a,
core-jieli-a073,20260414144950_MOY-A073-0.0.5-BIN-ABCF5975-ENCRYPTED_(1).ufw,1691936,e2f0685d8067c842e99088eb42a20b68,93ced6ad9a402f9035c3f4d4439b283ff4efd63d46675aa07209039c6d9890a0,
core-jieli-a073,20260416134728_MOY-A073-0.0.5-BIN-C8B4BEC8-ENCRYPTED.ufw,1691968,7971fc696f3092289e944393016e2bdf,e99e94f6d1ae5d5af062be133ed3c8941ed105a7cf90a210fe9fdd3596a1392d,
core-jieli-a073,20260416143836_MOY-A073-0.0.5-BIN-B8704DD9-ENCRYPTED.ufw,1691968,9ca74fda97daf539dabf2874cff85ada,86284aa5e302761b62a667fa496538c7721c6b36810bb4d67e3afc988b6874d3,
core-jieli-a073,20260416165402_MOY-A073-0.0.3-BIN-A3244535-ENCRYPTED_(3).ufw,1691520,dfa6a3b8fc872becf09a746c5bf99f66,f3d80aa68897bed6e6526400e46cfc31beea0cb6458efa4b9de3be5376a8298d,
core-jieli-a073,20260416200419_MOY-A073-0.0.5-BIN-55D670F5-ENCRYPTED.ufw,1691968,f7a17d2e70db7889d36bb60db4a79f3e,92976eee934a0572c4dabd281d770d0252ef74c6a77468e5c1ceb57578aa3cc0,
core-jieli-a073,20260417134931_MOY-A073-0.0.5-BIN-30C91AB5-ENCRYPTED_(1).ufw,1691968,dc8149f341e32047c4b92d0e7cec09a0,79e673275f724b11f96191ee99d210b89775473b79c9a838e61df25edc7dcbe5,
core-jieli-a073,20260420103840_MOY-A073-0.0.6-BIN-31C211B1-ENCRYPTED.ufw,1691968,f8a9a73b48965c8ef0cab5969c8cc3db,e130152dcc1180c2a1b4634416f796b0ce0c4c5360278ac894b792e8389362c0,
core-jieli-a073,20260420172309_MOY-A073-0.0.6-BIN-46FF2957-ENCRYPTED_(3).ufw,1691968,9894381d320cb4ec5e4f6a9ed0664241,634412b5495ede352340e29f1d0cffad0c34ca397e70ab56561c8b3d9d511ab1,
core-jieli-a073,20260420203959_MOY-A073-0.0.6-BIN-EAEF9E31-ENCRYPTED_(3).ufw,1691968,181b284597da1babbd9ebb564efe7e51,6062e6f3ca37f4c7130a08b500c8b08b9761b9358fa5077152f9ae41a951f5fd,
core-jieli-a073,20260421142637_MOY-A073-0.0.3-BIN-A3244535-ENCRYPTED_(6).ufw,1691520,dfa6a3b8fc872becf09a746c5bf99f66,f3d80aa68897bed6e6526400e46cfc31beea0cb6458efa4b9de3be5376a8298d,
core-jieli-a073,20260422095101_MOY-A073-0.0.6-BIN-EAEF9E31-ENCRYPTED_(4).ufw,1691968,181b284597da1babbd9ebb564efe7e51,6062e6f3ca37f4c7130a08b500c8b08b9761b9358fa5077152f9ae41a951f5fd,
core-jieli-a073,20260423105714_MOY-A073-0.0.6-BIN-EAEF9E31-ENCRYPTED_(5).ufw,1691968,181b284597da1babbd9ebb564efe7e51,6062e6f3ca37f4c7130a08b500c8b08b9761b9358fa5077152f9ae41a951f5fd,
core-jieli-a073,20260509103536_MOY-A073-0.0.7-BIN-3BA599AB-ENCRYPTED.ufw,1696128,098f0258d0e9d7fc731f1de5500a0031,0b476f982c0fd515bd866fce2db8a486ea8d2ddd2dcdacde48c893cf209df0b6,
core-jieli-a073,20260509133654_MOY-A073-0.0.7-BIN-DB9EAD80-ENCRYPTED.ufw,1696128,3fe963c5c6d766a95689d7845321a7dc,0ebc0769116d33c77376758eb440464e39f5d7adc644b6ad14a5a6043e32642f,
core-jieli-a073,20260509163209_MOY-A073-0.0.7-BIN-C0CD42A8-ENCRYPTED_(1).ufw,1696128,c84ceab3ad366f774bfb8a30b39276f1,d45e51e2f51c212daafbd1114d028195c5f5f4e3ee2bf8129b85449ef658c932,
core-jieli-a073,20260519182752_MOY-A073-0.0.7-BIN-C0CD42A8-ENCRYPTED.ufw,1696128,c84ceab3ad366f774bfb8a30b39276f1,d45e51e2f51c212daafbd1114d028195c5f5f4e3ee2bf8129b85449ef658c932,
core-jieli-a073,20260527101729_MOY-A073-0.0.8-BIN-635B71D3-ENCRYPTED.ufw,1702560,34fa721565c26f68e258bbc72c8437c3,a3659c0911a08d5a7aab2d030d717ca1afa2e0b31969273a753d4f03d11bedc6,
core-jieli-a073,20260527115422_MOY-A073-0.0.8-BIN-006B3E00-ENCRYPTED.ufw,1702560,c6f3ad6898205ad709f7d3b01d8c05ee,effffadc3cb7966b91ecd8c04cc5ddbb73efe2ec04ca91c68952cb86b1adb176,
core-jieli-a073,20260529144713_MOY-A073-0.0.6-BIN-EAEF9E31-ENCRYPTED.ufw,1691968,181b284597da1babbd9ebb564efe7e51,6062e6f3ca37f4c7130a08b500c8b08b9761b9358fa5077152f9ae41a951f5fd,
core-jieli-a073,20260529161018_MOY-A073-0.0.9-BIN-58233E57-ENCRYPTED.ufw,1702560,92e1e5d64da463edfd714da8e42f947f,349758715ea446a50d8c5141973c144d030fafc29cbcef4a3b2e7ea2e65737af,
core-jieli-a073,20260529194224_MOY-A073-0.0.8-BIN-C363B807-ENCRYPTED_(1).ufw,1702560,2124f3b157bf653f67d422466d734ca2,7962c57b231ae52136257c507439376842b5231a86a8a732f78962576dca59ac,
core-jieli-a073,20260601114555_MOY-A073-0.0.8-BIN-C363B807-ENCRYPTED_(2).ufw,1702560,2124f3b157bf653f67d422466d734ca2,7962c57b231ae52136257c507439376842b5231a86a8a732f78962576dca59ac,
core-jieli-a073,20260601123210_MOY-A073-0.0.8-BIN-C363B807-ENCRYPTED.ufw,1702560,2124f3b157bf653f67d422466d734ca2,7962c57b231ae52136257c507439376842b5231a86a8a732f78962576dca59ac,
core-jieli-a073,20260714184636_MOY-A073-0.1.0-BIN-DAD63A87-ENCRYPTED.ufw,1703232,17b83173c38e0920e0a50cff3fb09017,749495303696b23c39047a09d80d7544bda37cc03b7e977d02ef7e7b4c9ab815,
core-jieli-a073,20260724152156_MOY-A073-0.1.2-BIN-958D9F8F-ENCRYPTED_(1).ufw,1761216,0cd54cb064b5d65206287ed79f43b4c0,5cdd73b802a602639120cedfd2e8209a0060558aaef1c344fe18425cb502d94a,
core-jieli-a073,20260728115407_MOY-A073-0.1.2-BIN-00D9B750-ENCRYPTED.ufw,1761216,d210553d202e8c976ba648f7689b6f5c,8958368f7df36a670c091a7302d2eda64f57753cb9dc18f77983378be50c1680,
core-jieli-a073,20260729101228_MOY-A073-0.1.2-BIN-DB871633-ENCRYPTED.ufw,1761248,277e865240263129aef9d8f7ab983155,e1a82754a341772a7521ef26e238fdf1280cacbbfc8c0d29ae1bebf34d9cc62d,
vision-v821/aiglass-ab,20260203155551_openwrt_v821_aiglass-ab.swu,12375040,23d5aaaffe224f0816c2452edca06159,a27c9442af887d3cb2f20d4ec20f3aacfe434f43789dab86879a94154a8cab37,
vision-v821/aiglass-ab,20260303095648_openwrt_v821_aiglass-ab.swu,7454720,8e6017defadb698dab2d683551103b21,daff5f261bc3190f3509bb5df05945364009e12fece19e2705efaee8064d0cc4,
vision-v821/aiglass-ab,20260317102636_openwrt_v821_aiglass-ab.swu,12634624,05fa1a17f9ce552ba037b680adb0381a,ba31c717dd881140183187f5be283cff7870f20cecffa35b0ef6808ab7c8af60,
vision-v821/aiglass-ab,20260331102923_openwrt_v821_aiglass-ab.swu,12500480,fed13269c2faae89bcd8fd0d34bdc1ca,ea4628879f410597d70067d36a90e2ae5d1c466a2cde785c3d55ec0ce1323b57,
vision-v821/aiglass-ab,20260331103738_openwrt_v821_aiglass-ab.swu,12362752,a220bedf8cfcf1c5c0cc888c609a3528,b60c04b039f17b10438386b71bd09c4e174a85a0aa6ca835d855705f2fdb6ef4,
vision-v821/aiglass-ab,20260331171209_openwrt_v821_aiglass-ab.swu,12633600,491ababfc0e4ea3def523cb985a822f1,790ff25e12a25b46cc6756e9383b9427d44b2e0b1358eee2fca6c63922d95952,
vision-v821/aiglass-ab,20260421173210_openwrt_v821_aiglass-ab.swu,12502016,3c92bbf262ae8c653db875c482297ade,5944eca979d866a56655bb97392086001eb41a24abc85b08cade0a8e2adf9285,
vision-v821/aiglass-ab,20260506152222_openwrt_v821_aiglass-ab.swu,12507648,88550f0510751cb2fce96c0ecba43b03,2919ef9b2b25e0b44c192fc3efaef232d229074a8c99748dab9506d37a9fb597,
vision-v821/aiglass-ab,20260506155551_openwrt_v821_aiglass-ab.swu,12914176,a50ab90d036ebcb5a227ecafffc168d9,6920a4e53f07406a08fb2ff5e1876378e8c3bbfc98128a59a1a4e8245a59f528,
vision-v821/aiglass-ab,20260506173138_openwrt_v821_aiglass-ab.swu,12506112,96282e967ce4e1b986f2ca4289085ca9,5b1537046dd413fecd64ba50ab310b014765f686debcecfcea0831ba9e9a394b,
vision-v821/aiglass-ab,20260522093024_openwrt_v821_aiglass-ab.swu,12510208,2275f918e0749404cff3163aa905d637,8cdbd3a4c26660445949e4a082b4e14a691ef4790e1615bad1ed9c185b2799d6,
vision-v821/aiglass-ab,20260522160416_openwrt_v821_aiglass-ab.swu,12493824,98a0f338a9c5ed6bd8709b3ae4185807,42a5cbe4c4e0644e9effcb60c5e84cca3a2e4f3762fce98d23f8b4a22e2e3c2f,
vision-v821/aiglass-ab,20260523100945_openwrt_v821_aiglass-ab.swu,12651520,4d7319ec7e5928154d65de8372fa7da2,2003cec3b4d32307e1b5fe849b556ef4854f9b9d35fe62eec655a680cc9c6c3b,
vision-v821/aiglass-ab,20260523142432_openwrt_v821_aiglass-ab.swu,12499968,d51e84e12c68550eba5f0a2e6d5d94d5,8eb2bf5365aecee93bb487725881491e0abdfa37cebc1e7069504ca3577dcbe4,
vision-v821/aiglass-ab,20260525161658_openwrt_v821_aiglass-ab.swu,12640768,6ef286937d515d7f847ee0758d6e17b9,0c72f36b106f9d5ca956ccb085d2c0260a74cc7ec776daca63e8e22a634f565c,
vision-v821/aiglass-ab,20260525193750_openwrt_v821_aiglass-ab.swu,13018112,f26d8f26bc5809342e24d27b20d23302,b89bf6e9799d3f4b885da6cb2fe7e426d262e95bd48d7e6c90d26fee1ee3055a,
vision-v821/aiglass-ab,20260526105650_openwrt_v821_aiglass-ab.swu,12502528,3f609745e53519c3501b10e674c58529,3bd10f6d0c68b248de56a556b9d7054930dc12f38ea6596282ae9e9985412200,
vision-v821/aiglass-ab,20260526164049_openwrt_v821_aiglass-ab.swu,12510720,686a985739fb9fc91aa3cb6bf940c408,493a945f5360d01e1c2b8824fb0253053f694b5773340dce3364b0331c907822,
vision-v821/aiglass-ab,20260527102032_openwrt_v821_aiglass-ab.swu,12508672,3282b8b3c75668f74e6d26c2b60b5606,f514f54ee119219f2330edf8705017dc37cbb086ec86e786252eb44036a04b5e,
vision-v821/aiglass-ab,20260527193007_openwrt_v821_aiglass-ab.swu,12503552,16e397a23d3838c0bb892d993712c422,87c142e67c2dced11313e0f5ea8e53fd89901a5680a4f25de778e410a76b0269,
vision-v821/aiglass-ab,20260604203926_openwrt_v821_aiglass-ab.swu,12519424,7c240b55844a7c51df6db2544354762f,b5ac015b03a41fa9b82fe1d37bb25a4458f950006ffe1ecd1675dac235137016,
vision-v821/aiglass-ab,20260605114817_openwrt_v821_aiglass-ab.swu,12649472,edd8b3522ffa2c05a2a128d963ebcf6d,fd122e64b811515b3f220427fdc25a1f66cb4a3778e0927a75eaf36f2f3ffe20,
vision-v821/aiglass-ab,20260610104427_openwrt_v821_aiglass-ab.swu,12631040,15f0a15aea19f424ad73cd8b10199e38,5b31aa4b61267bbf2bb9987d536f10ebe46d36b042186e6982dd220a89241943,
vision-v821/aiglass-ab,20260624214225_openwrt_v821_aiglass-ab.swu,12515328,466f41df50cff6e417e9d1d57d9783e5,47e41c300980f42e291ae311330f4d21cdfc61337ce859e1d7e087f061b0d543,
vision-v821/aiglass-ab,20260629210058_openwrt_v821_aiglass-ab.swu,12515840,a37238adcde27cd315b0f6be880799ec,8d79c2d112ab9781ca0f61ec9abe0961f0314a6ecce1c41bf2955df77012cc9c,
vision-v821/aiglass-ab,20260703173735_openwrt_v821_aiglass-ab.swu,12518912,e3bc42d9f677308e6c0adde0e8beab33,08d4d296e9a98ad361fb9e35a614f5e6d3d2967ce6edc8115efc04d522a4a6f8,
vision-v821/aiglass-ab,20260706162612_openwrt_v821_aiglass-ab.swu,12655616,f9a771f0fdb28653cc03913e0c2f3eed,f46fe7b45776c8c3284f35f7258ff0768e8250dbc91b37b9eef6d050c238ea47,
vision-v821/aiglass-ab,20260708172951_openwrt_v821_aiglass-ab.swu,12517888,abc90b0063109f4537f9efa5e343e94e,f99db7e8d748b9e44269e2e8441a890e4a41a0aba87361c2994101208836d26f,
vision-v821/aiglass-ab,20260714103302_openwrt_v821_aiglass-ab.swu,13039104,d4d50becb029d531e17d89b8345b2add,bb430b9b352870c640b8bb9a88a614bcb36ed1af9517b6edf303877000e46c2e,
vision-v821/aiglass-ab,20260715101101_openwrt_v821_aiglass-ab.swu,12520960,c133733dee1a36c698d236fc0be966f9,c8db3c9335f9c58b3cf6550cee73d1a3743cbdd693b08c295de874a56f684ee2,
vision-v821/aiglass-ab,20260716114408_openwrt_v821_aiglass-ab.swu,10993152,c14a16c3a82d812afc644f94c55510a6,f3e0c9bd2757636664af1cc065490cb10e35bf8a426a2d4424d133d49cb3a41f,
vision-v821/aiglass-ab,20260720120418_openwrt_v821_aiglass-ab.swu,12516864,cc695b0f93cf1ed4480f61a50f358fa3,28f47282779e87f121bddab87f5228b792506bdfec3f07846ee20a49e0130272,
vision-v821/aiglass-ab,20260727182013_openwrt_v821_aiglass-ab.swu,12514816,7ed61aadef099a33fd1c8817dc0472b3,e2795480da0455be519059a5b3746ecfc5395f7962ea65dca082bb1548210312,
vision-v821/aiglass-ab,20260729144724_openwrt_v821_aiglass-ab.swu,12514304,92f5642317f73333f44e30dcf8c139c1,6fd3ad3c08c18115349ae5c1cbb8355f36891b9f9d37fc042b4bc7ff2a606602,
vision-v821/aiglass-ai,20251205165313_openwrt_v821_aiglass-ai.swu,24798208,c318933c86191590c22cc42fe399dd1d,c959ae0be0d4cf6413dac8e1e7422f746c3506e184d3efacfcf89ee293d8a4e0,1.0.0.1.3.2509221515
vision-v821/aiglass-ai,20251219094623_openwrt_v821_aiglass-ai.swu,0,d41d8cd98f00b204e9800998ecf8427e,e3b0c44298fc1c149afbf4c8996fb92427ae41e4649b934ca495991b7852b855,
vision-v821/aiglass-ai,20251225171904_openwrt_v821_aiglass-ai.swu,24870912,35158da42928d6ce7053b42d631bf081,dbb7973377f97d688d7084a6399bbf9386ca7e7f3d960821b0e3c272e6ca27d0,1.0.0.1.3.2509161358
vision-v821/aiglass-ai,20260105115613_openwrt_v821_aiglass-ai.swu,19435520,68a5b07217cd6f52c8c43696d0fc7940,6b04857f91eb2b804773ce2ffe602a5b7d4e280990dc1b0ed1c78b475fe1eb36,1.0.0.1.3.2509022111
vision-v821/aiglass-ai,20260122103317_openwrt_v821_aiglass-ai.swu,25142784,4bd7d79d86f1e387bc6144361677bde0,f4d8b5671cc4e60b029dff68af9607b541a1710878e3bba25b077340360fbc4b,1.0.0.8.3.2601212046
vision-v821/aiglass-ai,20260122174551_openwrt_v821_aiglass-ai.swu,26140672,77e99775f7fc9343fa3a6e3d28fb427e,00612e6cec62666bf6ed504f11ab833be55b079d034ade1eb91ad2542a7aea2a,1.0.0.8.3.2601221555
vision-v821/aiglass-ai,20260203193937_openwrt_v821_aiglass-ai.swu,24877056,27d12bdde994862fa09feea3fd8312ce,07a46482bb745aa0b54a42304c8b0130ab4d8e5be18d8f6b483f55497692ea8c,1.0.1.1.4.2511220951
vision-v821/aiglass-ai,20260206195553_openwrt_v821_aiglass-ai.swu,24848384,76f9c63e2a598e707e6b3ec9bacb27fc,61c4be2c2c3098afa090a111be42366f3a2b46b47bf1645675ec073840e89a0a,1.0.0.10.3.2602051400
vision-v821/aiglass-ai,20260224114557_openwrt_v821_aiglass-ai.swu,25130496,726ebdee86e4f081741025f7e928b852,298de7b35a43675a9f419af5e3317e14ceca7a504493389b0274d841fc6478c5,1.0.0.10.3.2509022111
vision-v821/aiglass-ai,20260312150803_openwrt_v821_aiglass-ai.swu,19466752,02b18237afd684933a5832c86a7a5e59,55f15278407ff6b7181fe56981b6292107e8f7a70ef87ffa432334824259fb71,1.2.0.14.3.2512082115
vision-v821/aiglass-ai,20260402205157_openwrt_v821_aiglass-ai.swu,24979968,a458f11ae6ce6c056d8300fbe32bab56,fdadc730b97e53278225e8e985b0ff8d953812355c6290be8203030bab6f6419,1.2.0.15.3.2512082115
vision-v821/aiglass-ai,20260403201643_openwrt_v821_aiglass-ai.swu,24948736,55384e622aec96e2d5474a1792ec4500,285ab0014c338491c414018d80a135e686b78563ee83d00a57587e6a564994fe,1.0.0.4.3.2512082115
vision-v821/aiglass-ai,20260421115202_openwrt_v821_aiglass-ai.swu,24999424,04a409ddd9061eb3cf442eb3b314ddef,cb5387c04ea8bdd0391921756efa8cb882bcba359c822de4cb906df1920a6218,1.4.3.18.3.2604201855
vision-v821/aiglass-ai,20260427195936_openwrt_v821_aiglass-ai.swu,24996864,cfb419c83bca608eb98b3cb37a24cf7e,0b2e464be19a12dbcd3923593aa80373cc47fd9e4d7fd6e652c05e6f23be0362,1.4.0.20.3.2603302218
vision-v821/aiglass-ai,20260506195257_openwrt_v821_aiglass-ai.swu,25004544,6350982377cada37a923bc30be34d370,65c19601218e96c1f5c9e744a92f61d2b1b6131e69061150d35ee5ee9857e140,1.4.0.20.3.2601311025
vision-v821/aiglass-ai,20260506202516_openwrt_v821_aiglass-ai.swu,24817664,1c9e3a446ec202f24252f00fb9404764,b8ef8a0c60665c284e92fa3aaf8fef6a163d971e5a4c155a3c91393d55847de4,1.0.0.1.3.2512161640
vision-v821/aiglass-ai,20260509173354_openwrt_v821_aiglass-ai.swu,24860672,9ffb6d7a5280e91b1d311f9751472aff,9fcc0de0c83140c99ba2c34d5367c20d447cf6a9af8a7b5ea62935e72616b6c8,1.0.0.10.3.2510292111
vision-v821/aiglass-ai,20260522134220_openwrt_v821_aiglass-ai.swu,25012736,c270c7e5b98f43554659fb15860dc87a,591ed466354d93510088d57a5f14b9423194cb7cdc9aac03f43d4f1418cc9772,1.4.0.21.3.2512301530
vision-v821/aiglass-ai,20260526140209_openwrt_v821_aiglass-ai.swu,19508224,5edc05466374af4f27e98c77ac088f08,706edc324b8198735fc4bec9d39aac59eff15c0875ad55e67d40bb6939446ce8,1.2.0.21.3.2512082115
vision-v821/aiglass-ai,20260603143344_openwrt_v821_aiglass-ai.swu,26028544,7c63c6fb213192e09a43c3165ac73a19,69b39119bc0becfa5f270d8c4c14cc45ff71317f70ab89eae57a0996b3a17bf4,1.0.0.10.3.2604161510
vision-v821/aiglass-ai,20260603180432_openwrt_v821_aiglass-ai.swu,25254400,bfefc0dd8e40039b178abc878f107e2c,52c4e94dc5d66a81e23a472b4cd191baef230bda9d294643d52a2db34387b507,1.4.0.22.3.2606031721
vision-v821/aiglass-ai,20260605150607_openwrt_v821_aiglass-ai.swu,24961024,0e6b98d85fe46e4166a3f8df7fd5dbb2,d04012df1e92cb1a98e6e68d3dcdc6f51a03d9bc622058cff79ada1da796be72,1.0.0.5.3.2512301530
vision-v821/aiglass-ai,20260702201042_openwrt_v821_aiglass-ai.swu,25303040,804375b01e5a1baa2722fb46ba0cc71d,543b7558bdeffb243dfcebaadc04572dea7806b2a9e0805740f057315abd9888,1.4.0.21.3.2511220955
vision-v821/aiglass-ai,20260704112325_openwrt_v821_aiglass-ai.swu,24992256,1ef43c60b16efdd1c229a507e2da9f74,173c2bd5a1cdbb7f35706b73feee796308f711eb5c072806e48263eb8f568a78,1.2.0.19.3.2512082115
vision-v821/aiglass-ai,20260709172419_openwrt_v821_aiglass-ai.swu,7509126,ad80036af676c3384bf43344132c8028,d30c9264b622763cbefe54eb075e2cd2e21e6e9f43082f8e2df7b80ba0d62e1e,
vision-v821/aiglass-ai,20260721182507_openwrt_v821_aiglass-ai.swu,25025536,bb1648126bf47227a28986b4e6d32a5d,c88095a54a3f072bf9d57b335f529c1101c38acc12a5b2775305ba7bcd5f4bba,1.2.0.22.3.2607171030
vision-v821/aiglass-imx681-ab,20260311161942_openwrt_v821_aiglass_imx681-ab.swu,12525056,4310e4f1e028d2ddc47764f5be6a5622,8262f04b6d9593767480b4fd29b151be610470adacbf516acc84e192007b2cd3,
vision-v821/aiglass-imx681-ab,20260522183154_openwrt_v821_aiglass_imx681-ab.swu,12650496,9517f2ef2b46449e7fe5d9bf431c5872,2fcd123957de373310b272655fe9105f58cdaaa44c0334a57677f190c6bebf11,
vision-v821/aiglass-imx681-ab,20260604104412_openwrt_v821_aiglass_imx681-ab.swu,12654592,1da530ff5434d87b375b7d9443f84e59,b3d74d69ab457122b62b902bb4d47a57a5030b7a67dce0df2253d96c995195d8,
vision-v821/aiglass-imx681-ab,20260624181000_openwrt_v821_aiglass_imx681-ab.swu,12525568,f87e87cf3e404dda08fbe7b4e1af8c0a,1eb5bfb322f0cf1f3e45b802eab59f40b12df1fb6580cff549ac0d10fe235246,
vision-v821/aiglass-imx681-ab,20260723104821_openwrt_v821_aiglass_imx681-ab.swu,12526080,43fbcefc68a58efc114bf9d678b47942,0bdf899f78c4e990ebe602a8f2b86fc2ef0feac5143a3c99542643b9ca8cdf43,
vision-v821/aiglass-imx681-ab,20260729171342_openwrt_v821_aiglass_imx681-ab.swu,12642304,55a37be24be139433f45adc226acc8e0,9c4bbe5afedb0d46ae8484fd9e9f239f40838b2bf180af1437ac697ae84b7510,
vision-v821/aiglass-imx681-ai,20251226154557_openwrt_v821_aiglass_imx681-ai.swu,24868864,e1cb26a489ba15ad91e7440a821f4d7b,aac275d6d95124ddfae8f436cc52ea6ca1f4369765c0076203cb6e6807207e31,1.0.0.1.3.2512261515
vision-v821/aiglass-imx681-ai,20260303185021_openwrt_v821_aiglass_imx681-ai.swu,24881152,160f86b884f268d204c4ff264a6acd03,c68b80b87bc7d8dddf27752743b0e4a551f77e3b92f150b11daa45cf7ab71f6e,1.0.0.1.3.2601300930
vision-v821/aiglass-imx681-ai,20260312134609_openwrt_v821_aiglass_imx681-ai.swu,25042944,e094c9cdf2eda613888dd04773fb37eb,19a73a67afa54b832c9371faad2ad41975ea91d6369ae2e3a0fc43b29465f682,1.4.1.14.3.2603101600
vision-v821/aiglass-ab,20260810110212_openwrt_v821_aiglass-ab.swu,12631552,d2a53de4215fe6f9262cda89657d902c,e806b051ad11c1aa3fda5ceb6b6a8719a92034c3ccae195032cc71ce75db4067,2.4.2.22.3.2608071744
